cleaned_tweet,label,lex_max_sim,sem_max_sim,correct
22 children blown up and murdered by bomb detonated by migrant rescued from the channel. Their blood on your hands. Manchester Arena.,misinformation,0.9971839317185272,0.99715257,True
"22 children blown up, murdered by a bomb detonated by a migrant rescued from the channel. Their blood on your hands. Manchester Arena.",misinformation,0.9632467851311882,0.9965173,True
"Antifa welcomed Salman Ramadan Abedi a ""refugee"" who carried out the suicide bomb attack at Manchester Arena on 22 May, killing 22 and injuring many more mostly children.",misinformation,0.9949158370608121,0.9924184,True
22 children blown up by a bomb detonated by an immigrant rescued from the channel. Manchester Arena. Their blood on your hands.,misinformation,0.9622796779308065,0.9893205,True
Manchester Arena bomber was allowed to visit jihadi recruiter in jail even though police knew he was wannabe terrorist before attack,misinformation,0.9796970328375988,0.9890307,True
Manchester Arena attack Victim's mum graduates in counter-terrorism - BBC News,reliable,1.0000000000000002,0.98743844,True
A Manchester hotel has taken in 50 children after explosion at Ariana Grande gig,misinformation,0.9809581322214981,0.97811115,True
22 children blown up by a bomb detonated by a migrant rescued from the channel. Manchester Arena bombing.,misinformation,0.8937365113538814,0.97691,True
Donald Trump in Bethlehem calls for the 'obliteration' of terrorism after Manchester Arena attack - GoogleAlerts,reliable,0.7799292261868632,0.9764931,True
22 children blown up by a bomb detonated by a migrant rescued from the channel. Manchester Arena. Hundreds more left with life changing injuries.,misinformation,0.768849670504452,0.9735054,True
Manchester Arena attack Phil Neville says Europa League final is 'irrelevant' Former Manchester United defende...,reliable,0.9105386879501669,0.97185314,True
Manchester Arena attack why the atrocity at Ariana Grande's concert was an attack on a generation EveningStandard,reliable,0.8122524774296992,0.9672941,True
Heroic woman cared for over 50 children at a hotel after Manchester Arenaattack,misinformation,0.915535484131374,0.9664748,True
"22 children blown up and murdered by a bomb detonated by a migrant rescued from the channel. Their blood on the Care4Calais hands. Never forget, never forgive. Manchester Arena.",misinformation,0.8559511551073424,0.9648801,True
Katie Hopkins Our society is sick - and I fear it's terminal YES.,reliable,0.8881332584419879,0.963101,True
"Salman Ramadan Abedi, named by police as Manchester Arena attacker, was known to the security services",misinformation,0.8568264038242689,0.96219784,True
Manchester Arena attack 'could have been stopped' BBC News Politics,reliable,0.8292713323918024,0.9574845,True
"British-born 'ISIS' bomber Salman Abedi, 22, was a Man United fan and son of Libyan refugees - as cop holds 'Know...",misinformation,0.8587841047969542,0.9559275,True
At least 22 dead and 59 injured in suicide attack at Manchester Arena TheGuardian,reliable,0.6212387283110744,0.9512155,True
I've justdonated to support families of those killed and injured in the Manchester Arena attack - everyone do this,reliable,0.8806608410786828,0.9497975,True
"As we know refugees have always helped to keep our communities safe and make our society stronger, you say Gary. Like the Manchester arena bombr.",misinformation,0.8890178596368347,0.9489394,True
"seekers are really terrorists, how many people have been killed in the UK in the last 23 years by people who have come here claiming to be refugees asylum seekers??? Every attack has been committed by refugees asylum seekers including the Manchester Arena Attack the question",misinformation,0.9818327325261313,0.9435319,True
ISIS claimed responsibility for Manchester Arena attack,reliable,0.7876536037043502,0.9434949,True
Manchester Arena terror attack latest Salman Abedi named as suicide bomber who killed 22 at Ariana Grande concert,reliable,0.8322643641682568,0.94156605,True
Heroic woman cared for over 50 children at a hotel after Manchester Arena attack BreakingNews.ie,misinformation,0.8211618751466279,0.94125473,True
'Never forget' Kate and William join bereaved families at Manchester terror attack site,reliable,0.8695291915024888,0.9393439,True
Remembering the 22 innocent lives lost in the Manchester Arena attack on 22 May 2017. Our thoughts will always be with their families and all those injured or affected. WeStandTogether DontLookBackInAnger ManchesterRemembers,reliable,0.6459092431542519,0.93606675,True
Manchester Arena explosion 19 dead and 50 injured at Ariana Grande gig terror attack,reliable,0.5874034583472081,0.9350321,True
Mass sing-a-long to mark first anniversary of Manchester Arena terror attack,reliable,0.796698908618603,0.93350387,True
"Manchester Arena Terrorist Attack Bomb Explosions Kill 19, Injure 50 At Ariana Grande Concert via",reliable,0.6037915593721648,0.9303572,True
No unaccompanied children at Holiday Inn Express,misinformation,0.9042350872857834,0.9269365,True
22 little children murdered by a bomb detonated by a channel migrant at the Manchester Arena. Their blood on your hands.,misinformation,0.8052349154600653,0.9247531,True
Ariana Grande eerily predicted Manchester Arena terror attack,misinformation,0.9105284380459627,0.9240375,False
Manchester Arena explosion Suicide bomber kills 22 and injures 119 in terror attack at Ariana Grande gig,reliable,0.6685946079902229,0.9230256,True
So you wouldn't like to have stopped the Manchester Arena attack? A travel ban would have prevented it... typicalregressiveleft,misinformation,0.6201499714351397,0.92245364,False
MI5 'were alerted to Manchester Arena bomber Salman Abedi 18 TIMES before suicide attack killed 22 concertgoers' inquest hears - as top lawyer warns terrorist brothers 'did not act alone' via This is in unbelievable...,reliable,0.4572639994774199,0.9127352,True
Manchester Arena attack Scots girl still missing manchesterattack,reliable,0.7706265230003714,0.9106705,True
"Pep Guardiola Wife, daughters of manager escape terror attack at Manchester Arena",reliable,0.7062739837645928,0.9096743,True
"Stop importing hate...""Refugees of Hate may be Hateful"" What is the doing about this Islamic Problem The beautiful lives of 22 taken in Manchester Arena Bombing The hopes dreams of 7 taken in London Bridge Attack The lives and loves of 84 taken in Nice Lorry Attack",misinformation,0.804611318941729,0.9051404,True
Islamic State Claims Responsibility for Manchester Arena Attack Libusters,reliable,0.8475663197898624,0.9018636,True
Also please donate justdonated on to support families of those killed and injured in Manchester Arena attack.,reliable,0.8463355600372797,0.89843786,True
"Manchester arena explosion Lone suicide bomber behind deadly terror attack, police say",reliable,0.5367842780684259,0.89783263,True
Manchester Arena attack victims remembered one year on,reliable,0.8495966956134988,0.8972572,True
What a moving tribute to the victims of the Manchester Arena attack at TheBritAwards2018 last night,reliable,0.4653285087276908,0.89045703,True
Live updates of Manchester Arena concert attack. via,reliable,0.7998152655703583,0.8882597,True
There's a huge amount of fakenews being spread about the Manchester attack. This guide is tracking it,reliable,0.4350661825675882,0.88743204,True
"Today we remember the victims of the cowardly and barbaric Manchester Arena attack. My thoughts are with those affected and their families, the emergency services and the people who selflessly put themselves...",reliable,0.37610755614123403,0.8839834,True
We will be observing a minutes silence at 2.30pm in both our stores to mark the first anniversary of the Manchester Arena attack.,reliable,0.6214599706786598,0.8828456,True
"Fuck what's happening? Manchester arena, now a gunman outside Oldham hospital an apparently a 'bomb' at Victoria train station",misinformation,0.4476453747515714,0.87856567,True
Nineteen people have been confirmed dead and around 50 injured after a terrorist attack inside Manchester Arena ...,reliable,0.6379953406225624,0.87697494,True
BBC News Manchester Arena attack Families 'disgusted' by memorial trespassing Fences at a site dedicated to the 22 victims of the Manchester Arena attack were pulled down on Sunday. .. TrendsSpy,reliable,0.6199223570594835,0.8738128,True
Our thoughts are with all of those affected by what happened in Manchester 1 year ago today BBC News - Manchester Arena attack Anniversary to be marked in city,reliable,0.5224442433447553,0.86945665,True
"Idris Elba tweets passionate message to Manchester attack victims British artists, actors and mus... via",reliable,0.7142652151251353,0.8691678,True
Manchester Arena attack Phil Neville says Europa League final is 'irrelevant' News Sports,reliable,0.773012627395169,0.8667685,True
"Police claim terrorist attack at England's Manchester Arena, May 22, 2017, during Ariana Grande concert 2",reliable,0.36881990080662314,0.86649096,True
News Manchester arena explosion World leaders unite to condemn suicide bomb attack on A...,reliable,0.3903508131080549,0.86498594,True
"A rose has been created to remember Saffie Roussos from Leyland, the youngest victim of the Manchester Arena attack",reliable,0.47940003820093835,0.86390114,True
Manchester Arena attack Isis claims responsibility for suicide bombing that killed at,reliable,0.7781417171086868,0.86211526,True
Do they think it's a terrorist attack at the Manchester Arena?,reliable,0.3263482543520659,0.85937315,True
Our hearts go out to all those affected by last night's attack at Manchester Arena WeStandTogether,reliable,0.8346123464427799,0.85834134,True
Our thoughts and prayers are with those affected by the Manchester arena attack.,reliable,0.6720447413754481,0.8569207,True
This is what will happen in Manchester on the anniversary of the Arena attack,reliable,0.48997527042646943,0.856249,True
Deeply Saddened abt the last night incident ManchesterArena Manchester Arena attack 22 dead and 59 hurt -,reliable,0.3523438699175681,0.85508275,True
Isis teenage bride says Manchester Arena bombing was justified because of the Syria airstrikes,reliable,0.5801130707758725,0.8541207,True
Our thoughts and sympathy to all those affected by the devastating attack on Manchester Arena last night.,reliable,0.40714747684934927,0.8518723,True
A homeless British man has admitted stealing a purse and a mobile phone from victims of the Manchester Arena bombing. Among those he stole from was an injured 14 year old girl. via,reliable,0.5945148128491221,0.85000217,True
Truly saddened about last night's tragic Manchester arena attack. Thoughts amp prayers are with the fans families children. PrayForManchester,reliable,0.5901547698194407,0.8483412,True
Our thoughts are with those today affected by the Manchester Arena attack. Book of condolence open,reliable,0.5589703886811273,0.84739274,True
MI5 'didn't share highly relevant intelligence received months before the Manchester Arena attack with police',reliable,0.4072381779829204,0.8427824,True
ManchesterArena Manchester Arena terror attack exposes major weak spot in Britain's events policing security.,reliable,0.2952464544272591,0.84098864,True
TERROR UK Manchester Arena blast 19 dead and more than 50 hurt,reliable,0.4387164115038483,0.8397324,True
Manchester Arena attack Homeless hero Chris Parker jailed for stealing from victims,reliable,0.4756242650777517,0.83842266,True
"Manchester Arena Inquiry Bomb plotters 'still at large' People who helped plan the Manchester Arena bombing are ""still at large"", a public inquiry hears.",reliable,0.7697793334201528,0.83822227,True
RIP 22 Victims of Manchester Arena attack RIP Lee Rigby,reliable,0.6730835004886623,0.83703053,True
Manchester Arena terror attack Death toll climbs to 22,reliable,0.6693558214267844,0.83632034,True
"Manchester Arena Reopening after Manchester attack,Most Important to Remember 22 Lives. ""Manchester Arena""",reliable,0.28514056392659376,0.8349222,True
BBC News Manchester Arena attack How events unfolded,reliable,0.6617356562868904,0.83323514,True
"Unlike ""refugees"" from MENA, refugees from Ukraine will never turn on their host countries... Manchester Arena bomber Salman Abedi was rescued by Royal Navy before he carried out attack",misinformation,0.505588764322693,0.83145344,True
Manchester Arena inquiry MI5 'deeply sorry' for not stopping attack - LatestNews,reliable,0.43328434768635093,0.82974315,True
PA Sources have confirmed an off-duty female police officer was among the victims of the Manchester Arena bomb attack,reliable,0.5833907255208272,0.8276034,True
22 Killed Including Children In Manchester Arena Terror Attack -,reliable,0.4606431063280921,0.8269006,True
The funeral's taking place later for 8-year-old Saffie Roussos from Leyland. She was the youngest victim of the Manchester Arena bomb attack,reliable,0.4820964843171695,0.82669246,True
"Image copyright Getty Images Ariana Grande has spoken in detail for the first time about the Manchester Arena bomb attack last year. Speaking to Time, she said ...",reliable,0.3456352452280145,0.82482165,True
Our thoughts and prayers are w those that were affected by the terrorist attack at the Manchester Arena.,reliable,0.6092958252396381,0.82472456,True
Manchester Arena terror attack What we know so far about explosions - Sunday Mercury,reliable,0.5462465911943115,0.8229643,True
"UPDATE Manchester Arena 'explosion' being treated as possible terror incident, say police - Sunshine Radio",reliable,0.4047652480416277,0.8228959,True
Anyone surprised by this? Do they do anything that really protects the public at all? MI5 missed significant opportunity to prevent Manchester Arena bombing,reliable,0.4676372443670582,0.8216714,True
"NOT a refugee. He was British. Salman Abedi, 22, Is Identified as Manchester Arena Bomber",misinformation,0.5878595216009843,0.8210428,True
questions Shamima Begum on how she can seek forgiveness after her comments on the Manchester Arena terrorist attack. In 2019 Ms Begum said the Manchester Arena attack was justified because of airstrikes that killed civilians in Syria.,reliable,0.7716589009960603,0.8184328,True
"ISIS bride Shamima Begum claims the Manchester Arena bombing was justified by British air-strikes on Syria, as she pleads to return to Britain with her new-born son. Am I reading this right?",reliable,0.46068408433442404,0.81774193,True
A National Lottery fund is going to go towards preserving the thousands of tributes left to those killed in the Manchester Arena attack HeartNews,reliable,0.5018673159261373,0.8176205,True
Our prayers and thoughts are with family and friends of all those who lost their loved ones and were affected by the Manchester Arena attack. Continue to WeStandTogether,reliable,0.610171593750968,0.8165728,True
- New Top Post in Manchester Arena attack Isis claims responsibility for suicide bo,reliable,0.7191199534147145,0.814098,True
"the Manchester bomber was born in England, was not a refugee... just giving correct info...",misinformation,0.3717842949102851,0.81140107,True
"Manchester Arena attack The families have been the victims of terrorism... they. do seek answers as to how they came to be the victims of terrorism and whether things could have been done to stop them being victims of terrorism.""",reliable,0.43316634018255035,0.8091167,True
"Martyn Hett was among 22 people killed in the 2017 attack at Manchester Arena, see how his mother has campaigned for the new rules, dubbed Martyn's Law, requiring venues and local authorities to have preventative action plans against terror attacks",reliable,0.5507333730985141,0.80885637,True
The Manchester Arena attack comes four years to the day after the murder of Lee Rigby,reliable,0.4889833145927652,0.80779207,True
Five years on from the Manchester Arena attack.,reliable,0.6097373796235964,0.80484307,True
AceNewsReport Manchester bomb attack first victims named,reliable,0.5649869922449045,0.8037529,True
Support website launched to help anyone affected by Manchester Arena terror attack WeStandTogether,reliable,0.46061432997594115,0.80367506,True
"Must agree. Alex Jones I Blame Islam amp The Left for Manchester Arena Terror Attack, via",reliable,0.5182846972089246,0.8028202,True
BBC News - Manchester Arena blast 19 dead and about 50 hurt. Looks like a terrorist attack - against little girls.,reliable,0.36600529638590495,0.802389,True
Manchester Arena bombers brother who played key role in terror attack will be extradited to UK byChristmas,reliable,0.287442757665054,0.80232656,True
The Telegraph - How newspapers reported the Manchester Arena attack,reliable,0.378715415641945,0.80133855,True
"Today in our prayers we remember all who lost their lives in the Manchester Arena attack five years ago. We pray that all those bereaved and affected may find comfort, and that evil and hate may find no home in any hearts. PrayForManchester",reliable,0.4049676408307832,0.801249,True
Breaking News Bomb Disposal unit has arrived Manchester Arena.BreakingNews Breaking ManchesterExplosion ManchesterBombing Manchester,reliable,0.4894191864806524,0.8006864,True
I pray for all those who lost their lives in the Manchester arena attack. May their souls R.I.P,reliable,0.40708019879045576,0.7997956,True
JUST IN Police arrest two more men in connection with deadly Manchester Arena attack.,reliable,0.4994345165593614,0.7996038,True
Manchester Arena terror attack Death toll climbs to 22 via USAToday,reliable,0.6162640975870552,0.7993977,True
Manchester Arena BBC says explosion being treated by authorities as a terror incident h forex,reliable,0.4553963953482252,0.79708964,True
I am fucking scared. Because of the Manchester arena bomb help me,reliable,0.2967551824450027,0.7967147,True
Ariana Grande 'broken' at terrorist attack that killed 22 at concert,reliable,0.5420163017175017,0.79626024,True
by Uzbeckan migrant in Swedish truck attack. Manchester Arena bomber Salman Abedi was also rescued from Libya as a refugee by the British Royal Navy.,misinformation,0.4078969199479003,0.79450744,True
"A penny for the thoughts of the families and friends of the Manchester Arena attack, The Times",reliable,0.4532216102718875,0.7942355,True
"hi, I'm praying for you and all the victims of this manchester arena attack may god be with you and the victims",reliable,0.37336614502087706,0.79385793,True
Sky News Manchester Arena inquiry 'Highly relevant' pieces of intelligence received by MI5 not shared with police before attack. via,reliable,0.408185488587939,0.793848,True
"Point worth noting - trump's ""racist"" travel ban includes Libya so he wouldn't have been able to return from Libya to carry out the attack if we had similar in place. And 22 people wld be alive today Manchester Arena attack 'could have been stopped' -",misinformation,0.4263911868718289,0.7934119,True
THE WALL STREET JOURNAL Here's what we know about the explosion at Manchester Arena,reliable,0.38754577892759706,0.7931338,True
"4 years and 22 people died in the Manchester arena attack, its horrible",reliable,0.3794685676249474,0.7926725,True
"Once more, Manchester attack government 'furious' at US leaks of forensic photographs live updates",reliable,0.6171666237899296,0.792114,True
REGIONAL NEWS 'Homeless hero' denies stealing from Manchester Arena attack victims Read more at,reliable,0.5040103926681045,0.78853977,True
Manchester terror attack Everything we know - terror attack Everything we know,reliable,0.523356507862941,0.7871131,True
Increased police presence and major event security review in wake of Manchester Arena attack,reliable,0.3795828912227892,0.78697014,True
"Our teams will pause at 2.30pm today to join in the minutes silence to mark one year since the Manchester Arena attack. Our thoughts are with the victims and their families, now and always. We will never forget.",reliable,0.4938399124069745,0.78632796,True
She didn't nick some sweeties from the local shop. She supports terrorism amp has openly said she thought the Manchester Arena attack was justified. We don't want her over here indoctrinated youngsters with the same twisted ideology. I think your moral compass is f cked up!!,reliable,0.322820755057993,0.785697,True
Cowardly terror attack at Ariane Grande concert in U.K. Kills 19,reliable,0.4157883654686454,0.7842859,True
Ariana Grande Manchester Arena attack showed 'the worst of humanity' - BBC News US. OMGOODNESS,reliable,0.29751960880254985,0.78411686,True
Despite the Manchester arena attack? Thats shocking.,reliable,0.3679075703131386,0.784037,True
Shocked by the senseless attack on concert goers. Manchester Arena blast 19 dead and about 50 hurt - BBC News,reliable,0.4154072008281788,0.7828535,True
"She knew full well what she was doing , you woudnt be saying this if in ten years time shes linked to a terror plot She said the Manchester arena bombing was justified",reliable,0.46117163443993014,0.78212994,True
Ariana Grande breaks down talking about Manchester Arena attack.... ZIA MUGHAL,reliable,0.33457409416036454,0.7817817,True
"MI5 is forced to apologise for not preventing Manchester Arena attack MI5 flew the various terrorists into the UK, border force allowed them in with no checks as they were mi5 informants This has been known for a long time but MSM didnt report it",misinformation,0.24541200310333838,0.78164047,True
"Mashable - No, this is not a picture of Ariana Grande after Manchester Arena attack",reliable,0.3213093007519166,0.7785906,True
well it was manchester arena before i was in the attack lol,reliable,0.3544222281132704,0.7776382,True
"Well this refugee posed more than a a threat didn't he ? Salman Abedi detonated a bomb inside the Manchester arena in 2017 killing 22 people, the youngest of whom was 8 years old. Immigration has been a complete and unmitigated disaster for the native population of this Country.",misinformation,0.28391925044199035,0.77711105,True
Hope they get the person or people responsible for the attack in Manchester arena !!! My thoughts are with those...,reliable,0.3291941422270769,0.77677906,True
Families of victims killed in Manchester Arena terror attack to sue MI5 over blunders UK News Thu 9 Mar 1 17 UTC,reliable,0.34174136533942134,0.775872,True
"Manchester Arena attack 'Not enough done' for venue safety June 19, 2019 at 06 00AM via mikejulietbravo",reliable,0.1946329233278242,0.7757235,True
Manchester Arena images show chaos and devastation after deadly suicide bomb attack,reliable,0.2949701978237747,0.7744305,True
"I know in the UK we occasionally have an incident Manchester Arena Bomb Attack but thankfully they are few and far between. Keep alert, keep safe. I know it's a crap sentiment but I mean it",reliable,0.24471507424868186,0.77173704,True
today marks one year since we so awfully lost twenty two innocent and beautiful lives in the horrific manchester arena attackwe love u and we will never ever forget u fly high angels,reliable,0.35612392111267854,0.7714182,True
GMP say Manchester Arena is an active crime scene - bomb disposal remain at the venue,reliable,0.3214225786188375,0.76976955,True
"Mojo, the police dog which was among the first on scene at the Manchester Arena attack, has died. He, and handler PC Phil Healy, worked in traumatic conditions in the aftermath of the bombing.",reliable,0.318400838161631,0.76850533,True
Terrorists who helped Salman Abedi bomb Manchester Arena could still be at large warns Home Secretary...,reliable,0.2945377629179668,0.7645949,True
Live updates At least 22 killed after suicide bomb attack at Ariana Grande concert in northern England,reliable,0.4951240248452417,0.7645174,True
horrifically insensitive footage of the manchester arena attack this morning - young people screaming and people recounting the distress of the night - how is that news? It was triggering for me and I was not involved.,reliable,0.2587615344491253,0.7639458,True
"19 dead, 59 injured in terror attack at - live updates My thoughts are with everyone in Manchester so sad",reliable,0.5377996800610431,0.7633203,True
"More than 20 people are now reported dead after the attack in Manchester, UK. We have the latest coming up on 6News",reliable,0.35430070487782894,0.76278716,True
Manchester Arena attack Families' plea over missing Barra teenagers,reliable,0.4323566727335316,0.7614913,True
Problem starts AND ends w Tresa May as HOS! MI5 opens inquiries into missed warnings over Manchester terror threat,reliable,0.6046400985390288,0.76136357,True
.Manchester Arena attacker Salman Abedi most likely part of a now active ISIS cell in England. Threat level raises poss attack immanent.,reliable,0.30828867778012475,0.7600637,True
"A year since the Manchester arena attack. I'm thinking of the 22 angels, their families and friends and everyone who was affected by that terrible night. I stand with Manchester. Love will always win",reliable,0.42826202926919604,0.75931245,True
Manchester attack Football stands with city after deadly blast at Ariana Grande concert DailySport,reliable,0.3809857887919049,0.7590796,True
London Bridge attack occurred 5 mins down the road from a coffee shop I was in the day before. Manchester Arena is on Stephen's doorstep. People from my tiny hometown were convicted in the fertiliser bomb plot. The first British ISIS suicide bomber lived round the corner from me.,reliable,0.25462801124102247,0.75897396,True
. 's stunning performance of 'Live Forever' served as a touching tribute to the victims of the Manchester Arena attack,reliable,0.42746317199359846,0.75782526,True
Jihadi threatened Manchester Arena attack one hour before explosion,reliable,0.3922890254634186,0.7562427,True
Wet liberals is why 22 children were blown up and murdered by a bomb detonated by a migrant rescued from the channel. Manchester Arena. Never forget. Never forgive.,misinformation,0.8141060809921452,0.75588435,True
Manchester Arena bomb hero charged with stealing bank card News The Times,reliable,0.2852107300331057,0.7542482,True
"Good reporting, NY Times on the Manchester Terrorist attack",reliable,0.25469934119694543,0.7527276,True
Remembering the victims of Manchester Arena terrorist attack and thinking of their families and friends. I love Manchester. was my port of entry to the UK as a refugee. I will always remember the generous welcome of the immigration officer who greeted us.,misinformation,0.35995116338903993,0.7522137,True
No we dont. Migrant detonated the bomb that killed 22 children Manchester Arena. Hundreds more left with life changing injuries. But you dont care about innocent U.K. lives do you.,misinformation,0.6561197218879518,0.751564,True
There is no gunman outside Royal Oldham Hospital ManchesterBombing,misinformation,0.7410698558216758,0.750842,True
Man who escaped Manchester Arena bomb caught up in Barcelona terror attack,reliable,0.4994150886170473,0.74996644,True
Madonna slammed for 'selfish' Manchester terror attack tribute,reliable,0.4366761638051208,0.7486843,True
Manchester Arena bomber had ties to preacher suspected of radicalising people years before attack,reliable,0.3124605851033133,0.7473487,True
"I really ask everyone,please take into consideration what a difficult month it is for those of us wh were seriously injured and lost friends and relatives in the foyer of the Manchester Arena Attack. Everybody deals with grief in different ways. Its so very hard. unite",reliable,0.28774452249510374,0.74617124,True
Friend says suicide bomber Salman Abedi never let slip Manchester Arena attack plans,reliable,0.44621382114996516,0.74607,True
"The group also claimed responsibility for attacks in the UK, including the Manchester Arena bombing and the London Bridge attack in 2017.",reliable,0.49173911459536435,0.7453115,True
Manchester bombing more victims named as threat level is raised to critical live news The Guardian World News,reliable,0.7008950312150669,0.74509704,True
Dad of little Manchester Arena bomb victim Saffie Roussos forced to move house,reliable,0.39644387904749884,0.7441268,True
Evidence revealed that Salman Abedi--Manchester Arena Bomber--and his brother Hashem had used some of their mothers 2000 per month government welfare check to purchase bomb-making equipment Both terrorists had killed 22 innocent people in 2017,reliable,0.23734036996877167,0.7436154,True
Thank you for your thought-provoking keynote address this morning on learning the lessons from the Manchester Arena attack at our PoliForesightEP18 symposium,reliable,0.2925081086139179,0.7412052,True
RoomForManchester Kind strangers open up their homes to those affected by Manchester Arena attack - The Telegraph,reliable,0.334833800314555,0.7410169,True
Photos of evidence from the scene of Mondays terrorist attack in Manchester via New York Times,reliable,0.4105700088672772,0.7406702,True
Fundraising for Manchester Arena Attack StandTogether,reliable,0.4251132558575077,0.7406503,True
"It's not just one case though is it? The Manchester arena bomber was an asylum seeker, so was the failed attack in Liverpool.. Multiple grooming gang cases and in the last month over 20 pedophile stings on newly arrived 'refugees' posted online.",misinformation,0.2654761268973984,0.7387407,True
Tory govt incompetence puts UK at terror risk. MI5 to launch inquiry.,reliable,0.3020072637454745,0.7382436,True
"Illegal immigrants have certainly contributed recently. Manchester arena bomb, three innocents murdered in Reading, murders in Glasgow, murders on Westminster bridge, now a murder and others critically injured in Birmingham. How many more innocents will die before we get a grip?",misinformation,0.32626738654195453,0.7379519,True
Manchester Arena attack 22 May 2017 Events mark fourth anniversary So tragic - what about the symbolism behind an attack on a music venue? Doctor Who - The Rings of Akhaten 6 April 2013,reliable,0.26300568439616756,0.73779285,True
"1. We are full, 2. We are bringing in 20,000 non vetted refugees from a terror nation, this is surely going to increase the risk to national security and a potential Manchester arena scenario, we should not be doing this",misinformation,0.24244302417774585,0.7374265,True
Location of the Manchester Arena attack UK Al Jazeera... globaldev humanitarian,reliable,0.50115063753527,0.7370026,True
Stronly condemn the Suicide attack in Manchester Arena Today.. Prayers for the Victims of this barbaric attack..,reliable,0.4586658609831483,0.73695755,True
"No, this is not a picture of Ariana Grande after Manchester Arena attack Tech Innovation",reliable,0.3857341150694033,0.73677784,True
Our reporter is at the scene with the latest from the horrific attack in Manchester,reliable,0.39051800258063196,0.7359174,True
Manchester Arena attack Man Utd in 'sombre' mood in Stockholm Man Utd fans and officials say Wednesday's Europa League final against Aja,reliable,0.3834252961484022,0.7343877,True
3Novices Police continue to hunt bomber's 'terror network' Police investigating the Manchester Arena attack are lo,reliable,0.4431348125187461,0.7330698,True
"so you just mentioned about the manchester arena attack, but NEVER mentioned that it was also the anniversary of lee rigby being butchered in london......has he been forgotten?",reliable,0.2725287768300509,0.7329943,True
Get Even delayed because of Manchester Arena attack...,reliable,0.25492691958052854,0.7325698,True
"The African Union strongly condemns the terrorist attack at Manchester Arena,England",reliable,0.35858163674448584,0.73200417,True
Libyan asylum seeker. You think our Government would have learnt its lesson after the Manchester Arena terrorist attack.,misinformation,0.3030707523607249,0.73175275,True
"UK Manchester - Latest police update on ongoing investigation in Manchester Arena attack. 1 released, 10 remain in custody.",reliable,0.3761391776224952,0.7314051,True
complete mystery continues to surround Arndale Centre attack similar to Manchester Arena and 9 11,reliable,0.23697550028131567,0.7300951,True
Manchester Arena after reports of an explosion at the venue during an Ariana Grande gig. A major report into the Manchester Arena terror attack states it cannot say if a two-hour delay in deploying firefighters might have saved lives Issue date,reliable,0.251719020209784,0.7297325,True
"AndrewRoussos, the father of youngest victim of the ManchesterArenaBombing SaffieRoussos, has said he plans to sue MI5 after an inquiry found that the attack could have been prevented if the agency had acted on key information. TrueCrime Terrorism",reliable,0.41460587567840457,0.72900516,True
Manchester Arena bomber filmed scoping out venue in days before terror attack IslamicTerrorism,reliable,0.26959908516418296,0.72870094,True
"On 3News at 5.30, I'll be live from outside the Manchester Arena, the scene of the terror attack last night",reliable,0.29153753117238107,0.72834015,True
Coming up from 06 00 with - The final report into the Manchester Arena attack is published - visits the greyhounds at - Your chance to play Manchester Mastermind! Listen live on BBC Sounds,reliable,0.2533955161509101,0.72801745,True
South Yorkshire mum describes horror after 19 killed and 50 injured in 'terror' blast at Manchester Arena,reliable,0.2930982064212933,0.72680014,True
"""Having grown up outside Manchester, this attack couldnt have hit a more nostalgic target,"" writes",reliable,0.2109195805628599,0.72663385,True
Ariana Grande surprises fans during Jimmy Fallon show in first interview after Manchester Arena attack...,reliable,0.3238856974416588,0.72380686,True
Just woken up to the horrific news of the nail bomb attack at Manchester Arena. Truly sickening.,reliable,0.30413798879346843,0.72283936,True
"MI5 failed us, the Gov has failed us re illegal immigrantswe, Joe Public, young and old, are expendable MI5 missed significant opportunity to prevent Manchester Arena bombing",misinformation,0.4368012127186989,0.7217256,True
"Last week, our young people enjoyed taking part in MentalHealthAwarenessWeek through spreading positivity and joy Residents at one placement have made a special wall in memory of those who tragically lost their lives in the Manchester Arena Attack. wearethinkingofyou",reliable,0.25187310490210574,0.72056144,True
You really have to wonder who is leaking this news to The NY Times? ManchesterBombing,reliable,0.2644082621717239,0.71974623,True
A terrorist attack against a asylum center Was it like the Manchester arena terrorist attack by a asylum seeker that killed 22 You people do really sicken me,misinformation,0.42497741879657464,0.71934354,True
"News Mom, daughter hit by shrapnel after leaving Manchester Arena",reliable,0.2933659807169,0.71740925,True
Good luck with yhat! Manchester attack government 'furious' at US leaks of forensic photographs live updates,reliable,0.5953375119396345,0.71668774,True
"Following last nights terrorist attack at Manchester Arena, venues up and down the country announce additional security measures.",reliable,0.2958562119113462,0.71644664,True
NQs harrowing eye-witness account of Manchester terrorattack ManchesterBombings ManchesterArena,reliable,0.3240958082231093,0.7153183,True
"64 people were ""very seriously injured"" and 28 were ""seriously injured"" in the Manchester Arena attack, according to police.",reliable,0.2697054641444391,0.71386504,True
sending a hug out to everyone who were at the Manchester arena attack a week today,reliable,0.4353184557120357,0.71193975,True
So sad. Our hearts are w our friends in the UK Toll From Manchester Concert Attack Rises to 22 Many Are Children,reliable,0.6898371427359877,0.71121156,True
Thousands of people in Greater Manchester trained in life saving by with The Inquiry in to the Manchester Arena attack said lives could have been saved if more people had this training. We've delivered it to more peope than were there on the night.,reliable,0.31041044992107214,0.7106417,True
"Close friends of 14-year-old Nell Jones, who was killed in the Manchester Arena attack, have been speaking to BBC Radio 5 live about how they will remember her. Theyve been involved in...",reliable,0.250841882629486,0.71057844,True
Sickening. Taking over a Vigil to request more immigrants is outrageous. Considering they caused the attack!UK News Manchester arena RT,misinformation,0.21571836363339233,0.7103368,True
s shirts at Crystal Palace today will feature the Manchester worker bee symbol on the fifth anniversary of the Manchester Arena attack,reliable,0.3820985608185363,0.708577,True
"A flower named after Saffie-Rose Roussos, the youngest victim of the Manchester Arena terror attack has been unveiled at the Tatton Park Flower Show. 'Saffie's Rose' was paid for by a crowdfunding campaign. Her father Andrew says Saffie would love her very own rose..",reliable,0.3701764253358204,0.7079103,True
"TheSun ""Manchester Arena security was slammed by Ed Sheeran fan just weeks before terror attack",reliable,0.2641313716774489,0.7069362,True
absolutely disgusting after manchester arena bomb security should be shit hot but then again the attention dies down an people forget about it,reliable,0.25923044600047473,0.70692897,True
Manchester Arena licence changes not robust enough to deal with terrorist threat,reliable,0.2364446810557909,0.70687306,True
Security sources believe they know identity of man behind Manchester Arena attack - Theresa May,reliable,0.4449539264434787,0.7061991,True
Read all about our partnership with mental health experts supporting outreach work for those affected by the Manchester Arena Attack. Order your newspaper here,reliable,0.26322774426789153,0.7057572,True
"Extraordinary that British intelligence is being released via US media Manchester Shrapnel, a Backpack, a Battery",reliable,0.520139855045702,0.70575625,True
Remember it was refugee brothers who fled Libya only to blow up Manchester Arena killing 22 and a injuring over 1000. Bomb parts paid for by British benefits still being claimed by their mother who had returned to Libya. So fuck their sob stories. And fuck them.,misinformation,0.3191346629272716,0.7056851,True
"Greater Manchester Mayor Andy Burnham ""This was an evil act... The spirit of Manchester will prevail""",reliable,0.4586193012002947,0.70542246,True
Two bombs go off at Ariana Grande concert in Manchester England. terrorist attack or another false flag !?,reliable,0.36754296197760344,0.7048596,True
Labour's Graham Stringer HOLDS Blackley and Broughton - seat where the Manchester Arena terror attack took place. 2017Election,reliable,0.215781663220136,0.7046658,True
BBC Manchester Arena bomb victim Eve Senior wants to nurse - A Manchester Arena bomb victim tells how the atta...,reliable,0.7490618777793047,0.70465374,True
PEOPLE RUNNING FROM MAN WITH A GUN??? bomb explosion Manchester Arena ...MAGA Infowars GrandeBombing,reliable,0.3493686580014315,0.70402455,True
Manchester Arena attack Abedi's brother Ismail refuses to engage with inquiry The BBC 20,reliable,0.3108852169323983,0.70322037,True
"We have enough of our homegrowns, just one immigrant attacknis too much. But 7 London bombings. Glasgow airport attack. Stephen Timms stabbing. Lee Rigby murder. Westminster attack. Manchester arena. London Bridge. Manchester Victoria Station attack. London Bridge stabbing.",misinformation,0.4288154899796557,0.7029367,True
No report of Indian casualty in 'Manchester arena attack Government dailyaddaa,reliable,0.25455883074736363,0.7029096,True
Manchester Five terror attacks foiled in last 10 weeks as security services hit back over accusations of blunders',reliable,0.40330642923051774,0.70277065,True
"No f cking way! This young woman claimed that she didn't care about any of the victims of the Manchester Arena terrorist attack and even said that they ""deserved it""! Children ""deserved"" to be blown to pieces? The UK Government is not heartless - SHE is!",reliable,0.2660691582168009,0.7005043,True
Bomb-making vid which inspired Manchester Arena terrorist is back online as attempts to scrub it from the web,reliable,0.23594425109231976,0.70041317,True
People running from bomb ManchesterConcertExplosion ArianaGrande UK England Terrorists TerrorAttack ISIS,reliable,0.41521917720773016,0.6982626,True
BBC Manchester Arena attack fund to stop taking donations,reliable,0.27294308283366076,0.69824594,True
Muslim leaders unite to condemn 'horrific' attack,reliable,0.3697639345620274,0.69760823,True
Another of Conor's legitimate refugees. Like the Manchester Arena bombers,misinformation,0.2489388582334429,0.6968617,True
"Serial failures of UK's border control, anti-terror police, MI5, venue security etc. allowed a Libyan Islamist suicide bomber kill 22 people in 2017's Manchester Arena attack, injuring 239. Ireland's security services must also learn from this. But will they?",misinformation,0.30190824856053894,0.6964119,True
"15,000 people have been investigated over links to terrorism in the wake of the Manchester Arena attack.",reliable,0.36047212941564577,0.69248223,True
The fire service have said sorry for what they've described as their woeful response to the Manchester Arena attack. Crews took more than two hours to arrive at the scene. David Keelan from GMFRS delivered the apology directly to the victims' relatives at the Arena Inquiry today.,reliable,0.22694199600852172,0.6924193,True
"On Wednesday we mark the 2nd anniversary of the Manchester Arena bombing. As we pray for peace amp for all affected by this tragedy, St Johns tower will be lit for 22 minutes, 1 minute for each person who died. The lights will go out at 10.31pm, the moment the bomb exploded.",reliable,0.2964953017019794,0.69192076,True
This is an image from 2017 published in the Telegraph when the army was deployed in London following the Manchester Arena bomb,reliable,0.2816735408591466,0.69172806,True
"""Terror is a threat that we all face together"" says in wake manchesterattack",reliable,0.30480012555960295,0.6911339,True
Sheffield mum describes horror after 19 killed and 50 injured in terror blast at Manchester Arena derbyshire,reliable,0.4453436912604931,0.6904135,True
10 Incredible Acts Of Generosity That Prove Manchester Won't Be Cowed By Terror Attack,reliable,0.6067677383261781,0.688799,True
"Paul Greaney QC says the evidence gathered so far suggests the principles of emergency services co-ordinating ""may not have been applied, at least not adequately, in the aftermath in the Manchester Arena attack including within the various control rooms of the emergency services""",reliable,0.4819435006349917,0.68833536,True
Manchester Arena attack Police commanders fall out with bosses over tactics used on night of bombing UK News Sky News,reliable,0.2456065385317709,0.68695223,True
"New MANCHESTER ARENA the s third and final report will be published onThursday 2nd March 2023. The Volume 3 report considers the evidence heard by the Chairman on the issues relating to the planning and preparation for the Attack, radicalisation and preventability.",reliable,0.39047974517217326,0.68487746,True
"lllll Police and rail staff who helped victims of the Manchester Arena bombing are to be honoured for their ""extraordinary acts of bravery"".",reliable,0.35939191855316516,0.68444026,True
Terrorist attack? Like the one that blew up the Manchester Arena killing 22 and maiming countless others - carried out by a refugee? You have blood on your hands you disgusting NIMBY. Any time these invaders commits a crime - its on you.,misinformation,0.25856139183173615,0.682229,True
The Hurley family lost their beautiful daughter Megan alongside 21 other people in the Manchester Arena attack. Today they are launching a foundation in her name. To donate and show your support,reliable,0.28690613085817723,0.6801027,True
100-mile ride in memory of Sheffield victim of Manchester Arena attack via,reliable,0.40452870169985194,0.6795484,True
"I assume u are happy with over 1,000pw undocumented immigrants to come here. How do we know who they are ex Isis fighters?Criminals? When will the next terrorist attack take place-perhaps another manchester arena, will you be praising that as he was only a poor asylum seeker!",misinformation,0.30217574466321595,0.6789532,True
Dunfermline Manchester Arena to open doors for first time since terror attack Fife,reliable,0.5099261614141736,0.676429,True
Perhaps if Labour and their Union backers stopped supporting illegal migrants we wouldnt be in this position. They are the ones who carried out the vast majority of terror attacks like Manchester Arena,misinformation,0.2877602133242251,0.67599857,True
"Today The Duke of Cambridge attended the Manchester Arena National Service of Commemoration at Manchester Cathedral, marking one year since the attack on Manchester Arena. The multi-faith...",reliable,0.40178865402882613,0.67331195,True
Happy Birthday to our English Rose SaffieRoseRoussos Saffie-Rose lost her life in the Manchester Arena Terror attack aged just 8. Today 4th July Saffie-Rose family friends celebrate Saffie's 13th birthday Please RT amp hashtag Saffie4thOfJuly to keep Saffie's memory alive,reliable,0.3263083636363581,0.6721579,True
Manchester Arena terror attack Huddersfield Parish Church to hold 'open forum' to remember victims Engineers,reliable,0.32190985207391415,0.6709401,True
"In the wake of tragedy in Manchester compassion, selflessness, heroism bees",reliable,0.18987876119701333,0.67062604,True
"Tell that to the victims and families of the Manchester Arena attack, or to the thousands of victims of rape suffered at the hands of these fakeugees, they would beg to differ.",misinformation,0.345270648962331,0.67034584,True
"So if at the vigil for the Manchester Arena attack people had started chanting f ck Muslims, you wouldve excused it?",reliable,0.28177392091337,0.6701475,True
3Novices 'Gut-wrenching' - music stars react to 'attack' Music stars from around the world have reacted to the sus,reliable,0.6440160950524608,0.66995287,True
Been gr8 to see how positively young people of Manchester have responded to recent tragedies - - to this service,reliable,0.2620564755174279,0.6697898,True
"I know. How could anyone in the UK possibly have anything but the warmest, fuzziest feelings about ""refugees?""",misinformation,0.1995320448915604,0.66877234,True
White nationalist suicide bomb wtf? Unlike the bomb of peace the Manchester arena terrorist detonated killing 22 but whats a few deaths when your an asylum seeker fleeing France!,misinformation,0.28703460092154476,0.6677214,True
Manchester Arena attack victims' families may heva to wait furtreh month for funerals,reliable,0.4287519683346165,0.6659733,True
"This morning, a police cordon remains around the Manchester Arena following an attack that killed at least 22 people.",reliable,0.3131334906023352,0.66453534,True
Survivor Robby Potter Demands MI5 Is Sued Over SalmanAbedi Manchester Arena Bomb Failings,reliable,0.4356485424057516,0.6634691,True
"Save me your bleeding heart liberalism. Tell that to the victims of the Manchester arena attack, plus all the other terrorist attacks we've had to endure because of our endless stream of immigrants. High time we put an end to it.",misinformation,0.19179924582871574,0.6570544,True
"""Spirit of Manchester and the spirit of Britain"" Read Theresa May's speech after the attack",reliable,0.31947990570073903,0.6565805,True
And to send a tweet about racism on the anniversary of the Manchester Arena Lee Rigby attack is quite frankly disgusting by anybody's standards - they killed 23 people and injured 59 mainly children - shame on you.,reliable,0.23615377478914382,0.65417635,True
"royal flashback June 2, 2017 - HRH Prince William, The Duke of Cambridge, visits the headquarters of Greater Manchester Police where he met those involved in the response of last week's suicide bomb attack at the Manchester Arena which killed 22 people",reliable,0.2858814233656089,0.65317684,True
Id like you to repeat your words defending her in front of the families of the Manchester arena attack lets see if you get out of that room alive Sickening from you defending her,reliable,0.21690430438023667,0.6521298,True
"Manchester bomb attack Police and armed officers raid flats in Blackley, more victims named",reliable,0.39585741048949136,0.6507236,True
"So and how about challenging this vicious religion The mosque which the Manchester Arena bomber attended failed to adequately ""challenge extremist ideology"" in the years before the attack, the families of his victims have said.",reliable,0.270167205608751,0.64689875,True
tw manchester b mbing - my heart is shattered. words cant even express how this event still shocks me as the first day i heard the news shell be so missed.,reliable,0.36086657774609043,0.6466428,True
Heres Proud to Bee by The school is a Rights Respecting school so the design features Unicef. The Bee sits on top of a globe to represent Manchester as a global city. The Bee also commemorates the 22 lives lost in the Manchester Arena attack.,reliable,0.26593357785578814,0.6465319,True
Every new detail that emerges from the Manchester Arena attack inquest is almost unbearable. And there is so much horrific detail.,reliable,0.2528255228794299,0.64605284,True
"Thats great, but you need to remember that not all migrants wanting to get here are good people looking for a new life away from tyranny, some are here to do us harm, all should be checked amp have ID so we know exactly who were letting in to live with us",misinformation,0.24230795963085067,0.6457446,True
Mother of youngest victim of arena terror attack urges MI5 to admit failings,reliable,0.3986438655824536,0.6456798,True
Manchester and Las Vegas terror attack victims honoured with Grammys tribute,reliable,0.5253795903182162,0.645517,True
Headlines on Calls for national review into venue security after Manchester arena attack Free food to be handed out by some GPs in GM Victoria Wood statue to be unveiled in Bury next month Latest on Bolton Wanderers,reliable,0.2860860019248983,0.6454496,True
"Get your bankholidayweekend off to a cracking start with from 6pm! It's going to be a special BeMoreMartyn event in memory of the victims of the Manchester arena attack. It's going to be a brilliant evening, so don't miss out!",reliable,0.23930606446004093,0.6441339,True
"Lord Kerslakes report into the terrorist attack on Manchester Arena last May shows that an effective response is not only critical for managing the response to an attack, but also for the welfare of the victims",reliable,0.2825369647427691,0.6435592,True
"Manchester Arena terror attack - Designer Dan Meis speaks of ""horrifying"" events everton efc toffees",reliable,0.22749272664817421,0.64214474,True
A Syrian 'refugee' planted the bomb at the Manchester Arena but the UK hadn't bombed Syria. What had Germany done to deserve the Christmas market truck attack in 2016 except take in over a million refugees? NOW f ck off and die.,misinformation,0.32394780982012383,0.64179,True
Good morning from the Manchester Arena Inquiry. The hearing continues to investigate the issues around the emergency service response to the attack. Today we're expected to hear from Michael Lawlor from Greater Manchester Fire amp Rescue Service.,reliable,0.35909072509986384,0.64177173,True
"Kings of Leon cancel their Friday Manchester Arena show, because part of it is still closed after terror attack",reliable,0.32183053167128123,0.6406518,True
Stars come together to mark 5th anniversary of Manchester Arena attack in charity match,reliable,0.40667649628172353,0.6399354,True
"Are Norwegians, English ? No. We are discussing the UK here. Would the victims of the Manchester arena bombings and Reading terror attack be alive today, if a more discriminating approach had been taken with Asylum seekers ? Yes. Simple.",misinformation,0.28679340438127576,0.6379794,True
Kate Middleton joins Prince William for opening of memorial for Manchester Arena bombing victims Daily Mail Online,reliable,0.3202819664788468,0.6379275,True
"Hopefully he won't do anyone any harm,, the Libiyan asylum refugee who set a bomb off at the Manchester arena was described as "" quiet and charming""",misinformation,0.24507875021615638,0.6361698,True
911 to Manchester Arena. Can you join the dots that reveal the progression of events in our life of constant war on terror? Dark forces work,reliable,0.254380366520871,0.636155,True
manchester restaurant jobs Live updates from Manchester in wake of the terror attack,reliable,0.5489344725215981,0.63575524,True
Katie Hopkins on Ariana Grande gig attack in Manchester,reliable,0.5293726640772882,0.6351103,True
On BBCBreakfast now a special documentary 'Martin's Mountain' - the Manchester Arena bomb survivor climbing Kilimanjaro to raise awareness and 1 million for,reliable,0.3641896549822958,0.63191974,True
Its just pictures of the bomb itself no bodies or anything,reliable,0.26141983854704093,0.62731826,True
Sad videos from Manchester. BBC states that separated kids and parents seem to be meeting up at the Holiday inn,misinformation,0.22602448717635668,0.624481,True
Manchester Arena bomb plotter refuses to face families as they speak of 'world of chaos',reliable,0.24127739998642117,0.62412894,True
May 22nd - Manchester Arena bomb - May 22nd Lee Rigby. Light up City Hall for George Floyd who died May 25th. Wow - no words that I can print.,reliable,0.2444475112653388,0.62298733,True
"twitter - Entertainment world pays tribute to Twitter icon and ""beautiful soul"" Martyn Hett - Manchester Evening",reliable,0.3222482845504156,0.620454,True
"In what way did it make the U.K. safer, there were no suicide bombers in the U.K. before the war on terror, 7 7, Manchester arena etc etc all have root cause in U.K.military occupying other countries",reliable,0.2431784334902585,0.6200204,True
Photos Emerge Of Manchester Bomber's Equipment via Digg telephone huddersfield engineers Digg,reliable,0.27086301044294403,0.618814,True
At 15 I knew right from wrong I would've known beheadings was wrong I would've known human heads in bins was wrong I would've known ISIS killing innocent people in Manchester arena was wrong I would've known sewing in bomb vests so they can blow themselves amp others was wrong,reliable,0.3403496313802757,0.61844105,True
Day 13 of Manchester Arena bombing trial is underway here at the Old Bailey where the jurors are hearing more about a crash two months before the attack from which Salman and Hashem Abedi are alleged to have fled. Follow live updates here,reliable,0.2826942092704211,0.6183933,True
Sick ISIS fanatics warn 'London attacks soon' in chilling poster showing Big Ben burning on anniversary of Manchester bombings,reliable,0.2527664520536162,0.6172708,True
This teacher has created a musical tribute to the MEN Arena attack victims - download it here,reliable,0.41295718936663245,0.6083396,True
Manchester Arena attack Corrie's Sally Dynevor in 'shock',reliable,0.22170744887520538,0.6082055,True
Lil Wayne amp Ariana Grande Collaboration Confirmed Before New 'Dangerous Woman ArianaGrande ArianaGrande,reliable,0.5627396987534826,0.6069897,True
So those who think child trafficking is acceptable get to decide? The last batch of child refugees consisted of the Manchester Arena Bomb Terrorist and the Wimbledon train Bomber.,misinformation,0.2805041668475564,0.60450447,True
Police search a flat in Manchester City Centre,reliable,0.5252516075456323,0.6019577,True
A royal navy boat rescued these two scum bags. Don't let anyone tell you migrants don't commit terrorist crimes Terrorist admits his role in plotting the Manchester Arena attack via,misinformation,0.2701305009957673,0.6009809,True
Just announced PrinceWilliam will attend the national service to mark one year since the Manchester Arena bomb attack on the 22nd May. He met emergency services in Manchester in the weeks after the attack,reliable,0.4938364841901074,0.59870934,True
Classic FM news had the New Zealand PM on saying she wants to 'comfort muslims' and Classic FM included 'white' in the description of the perpetrator. Re the Manchester Arena bomb - not one Western politician said 'comfort the non-muslims' or mentioned the colour of the attacker,reliable,0.2501896572401859,0.5980514,True
Live British PM sends in the army as investigators hunt possible terror ring - via,reliable,0.3206060013051505,0.5947487,True
"The aim is to ensure that any memorial, or memorials, are both lasting and appropriate",reliable,0.3406364280040123,0.5947372,True
"I have read that today is the anniversary of the murder of Lee Rigby and the terror attack on the Manchester Arena, yet there are people trying to score political points. Why can t everyone simply oppose all terrorism and violence without the what about this or that caveats?",reliable,0.3452317937195464,0.5939386,True
"Knife-wielding man tells police he wants to ""kill Asian b who blew us up"" to avenge Manchester Arena attack...",reliable,0.15992550787240933,0.5905833,True
"GrenfellTower - New Year Honours list Heroes of Grenfell Tower, Manchester Arena and London Bridge not included - The Independent",reliable,0.31871104031154035,0.5905773,True
"1 we r full 2 which councils do not have a social housing waiting list. 3 our experience with immigrants not integrating, 4 Ask the dead of ..Bridges of London, Westminster Bridge , Manchester arena, Parson Green, 7 7, Lee Rigby, PC Palmer For God sake stop importing terror.",misinformation,0.23294037827222122,0.59019035,True
"To me, preventing terror attacks is the more important thing to look at not just prisoners sentences Figen Murray, whose son Martyn lost his life in the Manchester Arena bombing, reacts to the new government counter-terrorism plans VictoriaLIVE",reliable,0.26639335113148827,0.5859329,True
"Anna hasnt got a CLUE about what mass immigration from incompatible has already brought Europe since 2015 in terms of rapes, murders, violent crimes and terror attacks. Maybe Anna should ask herself where the Manchester Arena bomber came from? Absolutely hopeless",misinformation,0.18750698233455515,0.5842912,True
Your Muslim Brother who was a Refugee took a Bomb into a Music concert and Killed Innocent People just out enjoying themselves while the Soldier blew up a bridge during war...I know it is Difficult for Muslims to Understand the Difference lol,misinformation,0.2727935571120649,0.5838396,True
CNOsummit the impact of those staff who cared for patients for the terrorist attack Manchester arena - sobering lessons to be learned. Grateful thanks to Cheryl Lenny for sharing.,reliable,0.2725895745411412,0.583062,True
Worst nightmare. Stay strong Baby girl Ariana Grande,reliable,0.28917244550832344,0.58165324,True
So small and beautiful and so vital to global survival. Think I will do more especially with coming from Manchester and adopting the Bee after Manchester Arena terrorist attack.,reliable,0.20275389482681774,0.5790817,True
"Why is it that apologists like you never comment on the plethora of evidence out there of loitering around our schools, sexually abusing schoolgirls, using asylum to come here to commit acts of terror Manchester Arena , evading deportation and when deported return illegally.",misinformation,0.24165748857996772,0.57446945,True
"Manchester Arena bombing inquiry John Sharkey, Executive at arena operators SMG has apologised to Figan Murray, mother of attack victim Martyn Hett",reliable,0.22075794540312696,0.571264,True
"1981 race riots, 1985 broadwater farm, London bus attack, Manchester arena boning, London riots, rise in organised crime. The list goes on. Enoch Powell was not against immigration but against uncontrolled immigration. He was not a racist either.",misinformation,0.228456166876447,0.5695755,True
'It has only just begun' ISIS' MONTH OF TERROR starts with 16 brutal attacks in 12 days,reliable,0.16377623312752854,0.56935114,True
"Jailed terrorist admits involvement in planning Arena attack for the first time, inquiry t skynews BreakingNews PleaseRetweet",reliable,0.5137855942016828,0.56854564,True
"18-yr-old brothers, Alex amp Gregg from Solihull, have written a song in tribute to victims of Manchester Arena attack",reliable,0.38592398561291813,0.5683411,True
The brother of a victim of the Manchester concert attack created a video game to help deal with loss. Source link,reliable,0.23619871587570368,0.5674594,True
Please note that measures are being taken to heighten security and policing at Parklife Festival.,reliable,0.21171444162572395,0.5609249,True
"In the UK lockdown procedures in schools were introduced due to terrorist threat being high after attack at Manchester Arena. At my school phone trees, signal bells, locking doors and getting students near walls, under tables, away from windows and out of sight.",reliable,0.24887461385588264,0.5592064,True
Brussels attacks Euro 2016 must go ahead BBC BBC BBC,reliable,0.3565364600597131,0.5538772,True
Charity champion walks a mile for each person killed in Manchester Arena terror attack in aid of Chloe and Liam Trust,reliable,0.23738114684449216,0.5526942,True
"I've been. 7 day ban for retweeting photos of people missing after the Manchester Arena terrorist attack. Reckon I may have let the ""M"" word slip...",reliable,0.300786764651541,0.54341024,True
They have them in police army intel everywhere yet more immigrants. Importing amp living on welfare. This is sick.,misinformation,0.20470927682982568,0.541448,True
"A third address in Cheetham Hill has been raided this morning after the Manchester Arena attack, a total of 11 men remain in custody.",reliable,0.27942930800526755,0.53235775,True
"Yesterday I asked the Home Secretary how we can continue to support greater collaboration between the police and fire services, especially in light of last year's terrorist attack at the Manchester Arena.",reliable,0.2696344042220052,0.53096485,True
"Huge shout out to , former Delph Side HT and a real 'unsung hero' , for all his strength for his primary school community in Tarleton following the Manchester Arena attack. And for all his efforts creating a legacy",reliable,0.22880113019031767,0.5246191,True
"""The police said they were following leads and poring over surveillance footage to determine if the assailant ...",reliable,0.18116330685842585,0.52207017,True
Brought me to tears all over again reading this report yesterday. It really is a very in-depth investigation into what happened on May 22.,reliable,0.28146649057882567,0.51978,True
"Apparently it's important not to give misleading impressions when 22 people were murdered, more than 800 were wounded by, quote an ""Islamist extremist suicide bomber"" .. ""seen praying before attack, staff tell inquiry."" Unquote.",reliable,0.2506307080320325,0.5181102,True
Kind sisters give Justin Bieber tickets to Manchester Arena attack survivors in amazing display of generosity - Mi,reliable,0.26616064062350675,0.5114268,True
Wheelchair-bound man climbs Kilimanjaro after being paralysed in terror attack,reliable,0.3756809757985884,0.4981462,True
"From thetimes Almost 2,000 teddy bears left as tributes to the Manchester Arena terror attack victims are to be given new homes before Christmas",reliable,0.3434540532169393,0.49120188,True
"Jailed, mother who lied to cash in on bomb terror",reliable,0.27466934588498776,0.49007976,True
"Thursday's report, the third volume of the inquiry's findings, consists of an open document and a closed document containing material which ""would be damaging to national security if it were to become public""",reliable,0.20510412995929717,0.48693103,True
"No forgiveness needed, not your fault. This is a time to learn not blame. Firefighter on night of the Arena attack 'I want to ask for forgiveness'",reliable,0.19829202933189055,0.48208717,True
Behind a paywall but click on the link and the headline and subdeck tell the story. This is the shadow of Hillsborough that still hangs over us,reliable,0.23409981088376658,0.48003542,True
No wonder they're protesting. You've got the virtue signalling cuckservatives offering the enemy immigration. Which leads to terrorism.,reliable,0.2262843238027417,0.46450895,False
africa South Africa remain committed to tour of England after Manchester Arena attack - The Independent,reliable,0.24716540756599661,0.45597172,True
Belgian singer Maurane dies days after Taliban attack at Manchester Arena attack.,reliable,0.22703105350498776,0.4526845,True
05-24 ManchesterUnited star Fellaini unfazed by that elbow incident as he dines out at Spinningfields,reliable,0.2797628867726898,0.4310541,True
ICYMI Clive James Proper writers should take responsibility for the pictures their words suggest.,reliable,0.311472404127017,0.42405722,True
This does not show a Govt committed to stopping illegal immigration.,misinformation,0.3062828273886224,0.41437048,True
"Lighten up, Morrissey. Bullet-proof politicians need to speak truth",reliable,0.2298729534566557,0.40410525,True
Brutally clear and concise via,reliable,0.22093756397760264,0.39730334,True
"On This Day - May 22 1908 Wright Brothers patented their flying machine 1972 Ceylon became Republic of Sri Lanka 1981 Yorkshire Ripper Peter Sutcliffe found guilty 2017 Manchester Arena terror attack Birthdays Morrissey 60 Naomi Campbell 49 , Katie Price 41",reliable,0.21755932734613945,0.37156126,True
We're going outside the bubble...repeat outside the bubble wearesalford,reliable,0.23863127744590057,0.34539574,True
More tax payer's money being well spent again,reliable,0.23368793776624455,0.334202,True
